GroupSize, TestFunction, ESS/s
3,from1to2,145.649234263105
3,from2to1,154.968085644401
4,from1to2,83.7869949364864
4,from2to1,90.2019476674848
5,from1to2,80.5822436349345
5,from2to1,138.126280185232
6,from1to2,101.031958464486
6,from2to1,52.7214585750231
