GroupSize, TestFunction, ESS/s
3,from1to2,145.649234263105
3,from2to1,154.968085644401
