GroupSize, TestFunction, ESS/s
3,from1to2,139.296882348765
3,from2to1,148.209300948517
